"email","first_name","last_name","photo_url","address1","address2","city","state","postal","country","phone","occupation","employer","note","lat","lng"
"payton.brakus@example.org","Charlotte","Johnston","https://lorempixel.com/640/480/?85493","82757 Newell Manors","Goldner Extension","Wardport","Oklahoma","94047-3866","Burundi","550.288.3118","Civil Drafter","Trantow-Gutmann","Sed corrupti ut culpa provident.","44.637133","131.705059"
"mabelle19@example.org","Bill","Kling","https://lorempixel.com/640/480/?36693","20852 Emilia Gateway","Alta Forge","Maximehaven","Hawaii","85264","Andorra","497-243-9140 x1372","Mechanical Equipment Sales Representative","Schultz, Balistreri and Rosenbaum","Temporibus quae excepturi qui quasi nisi asperiores.","18.587804","41.646565"
"wpfannerstill@example.org","Abdul","Carter","https://lorempixel.com/640/480/?53375","595 Madisyn Ridges Apt. 198","Kreiger Roads","East Angelina","Iowa","62216","Isle of Man","1-403-810-0549 x6256","Radar Technician","Von Ltd","Quaerat quis earum nulla fugiat.","79.485881","-101.864036"
"tnienow@example.org","Delphia","Kilback","https://lorempixel.com/640/480/?63897","69730 Pearlie Ridges","Thiel Stravenue","Muellerview","Florida","05793-2078","Samoa","1-265-409-4123 x9497","Pipelayer","Hagenes Group","Delectus quam voluptas at.","88.339115","-97.631601"
"hand.eleanore@example.net","Teagan","Leuschke","https://lorempixel.com/640/480/?56529","76403 Grady Light","Emmerich Passage","Hesselmouth","Maine","72642","Monaco","1-884-624-2905 x1394","Writer OR Author","Kuphal Ltd","Ullam error facilis tenetur debitis deleniti atque.","-7.84585","100.661187"
"marlee.jenkins@example.org","Leonie","Spencer","https://lorempixel.com/640/480/?41776","8176 Williamson Spring","Enrico Shore","East Kiarafurt","Massachusetts","78472-4466","Gambia","1-832-406-1251 x08609","Brazer","Anderson Inc","Nostrum ex tempore quae ea.","-79.286414","118.117162"
"prince60@example.org","Justina","Reichert","https://lorempixel.com/640/480/?82313","2997 Torp Creek","Brisa Brooks","Lulahaven","Colorado","79360","Vanuatu","470.202.4403 x233","Education Teacher","White-Kulas","Facilis et voluptate dolor voluptatem.","32.507319","111.385995"
"orn.mathilde@example.com","Nels","Toy","https://lorempixel.com/640/480/?90026","6741 Barney Landing Apt. 231","Dorothy Mount","North Malvinaland","Florida","58225","San Marino","+1 (625) 312-7877","Separating Machine Operators","Pfeffer, Hahn and Lowe","Est odit quisquam eaque quia.","-78.925234","-74.96028"
"xchamplin@example.com","Abe","Fadel","https://lorempixel.com/640/480/?29219","637 Marks Lakes Apt. 467","Feest Cape","Boscohaven","South Dakota","85607-7772","Kyrgyz Republic","1-204-212-9596 x19623","Production Control Manager","Auer LLC","Deleniti error et commodi.","61.031347","-31.878643"
"soledad51@example.org","Chadrick","Witting","https://lorempixel.com/640/480/?45495","94157 Elizabeth Points Apt. 266","Brannon Walks","Dorothychester","Wyoming","99528-2678","Micronesia","+1.940.638.3270","Graduate Teaching Assistant","Jerde Ltd","In iure est sed nemo facilis qui eaque.","22.010482","-26.195181"
"zelma.flatley@example.net","Vivian","McLaughlin","https://lorempixel.com/640/480/?21224","892 Buster Spur Suite 418","Dessie Mountain","Armandland","Hawaii","52582","Nigeria","1-839-926-1005 x4723","Mechanical Equipment Sales Representative","Sanford-Watsica","Et et natus facilis eos.","-45.066784","-78.048044"
"vanessa.heller@example.org","Timmy","Moen","https://lorempixel.com/640/480/?90752","507 Darrin View Apt. 276","Predovic Gateway","Laurenbury","North Carolina","91638-4677","Timor-Leste","+1-527-938-1064","Forming Machine Operator","Lebsack-Lynch","Pariatur reiciendis rerum magni officia aliquid.","0.685838","62.734306"
"jennyfer02@example.org","Kenneth","Gleason","https://lorempixel.com/640/480/?65588","349 Wisozk Cliffs","Leannon Union","Lake Ewellville","Ohio","01007-2917","Svalbard & Jan Mayen Islands","(223) 422-9964","Librarian","Funk, Smitham and Johns","Reiciendis quae similique vel iusto et excepturi.","-69.40195","10.397567"
"lgottlieb@example.net","Ruby","Connelly","https://lorempixel.com/640/480/?39816","8649 Domenic Viaduct Apt. 941","Smith Loop","Port Gertrudeview","Alabama","62645","Greece","205.662.3827 x8553","Immigration Inspector OR Customs Inspector","Krajcik Group","Eos dolore qui sed natus omnis voluptate amet.","86.326772","-166.644783"
"mario.bode@example.org","Pedro","Schultz","https://lorempixel.com/640/480/?99853","357 Dayne Mountain Apt. 978","Leuschke Wall","Sengerton","District of Columbia","74866-0356","New Zealand","(206) 275-0637","Personal Home Care Aide","Feil-Lubowitz","Qui iste est ipsa sapiente et est commodi porro.","40.291441","12.423266"
